<?xml version="1.0" encoding="UTF-8" ?>
<XMLDB PATH="mod/assign/submission/helixassign/db" VERSION="20120423" COMMENT="XMLDB file for Moodle mod/assign/submission/helixassign"
    xmlns:xsi="http://www.w3.org/2001/XMLSchema-instance"
    xsi:noNamespaceSchemaLocation="../../../../../lib/xmldb/xmldb.xsd"
>
  <TABLES>
    <TABLE NAME="assignsubmission_helixassign" COMMENT="Info about helixassign submission">
      <FIELDS>
        <FIELD NAME="id" TYPE="int" LENGTH="10" NOTNULL="true" SEQUENCE="true" NEXT="assignment"/>
        <FIELD NAME="assignment" TYPE="int" LENGTH="10" NOTNULL="true" DEFAULT="0" SEQUENCE="false" PREVIOUS="id" NEXT="submission"/>
        <FIELD NAME="submission" TYPE="int" LENGTH="10" NOTNULL="true" DEFAULT="0" SEQUENCE="false" COMMENT="Submission ID" PREVIOUS="assignment" NEXT="preid"/>
        <FIELD NAME="preid" TYPE="int" LENGTH="10" NOTNULL="true" DEFAULT="0" SEQUENCE="false" COMMENT="Pre-allocated id" NEXT="servicesalt" PREVIOUS="submission" />
        <FIELD NAME="servicesalt" TYPE="char" LENGTH="40" NOTNULL="false" SEQUENCE="false" PREVIOUS="preid" />
      </FIELDS>
      <KEYS>
        <KEY NAME="primary" TYPE="primary" FIELDS="id" COMMENT="The unique id for this helixassign submission." NEXT="assignment"/>
        <KEY NAME="assignment" TYPE="foreign" FIELDS="assignment" REFTABLE="assign" REFFIELDS="id" COMMENT="The assignment instance this online text submission relates to." PREVIOUS="primary"/>
      </KEYS>
    </TABLE>
  </TABLES>
</XMLDB>
